{
  "feature_order": [
    "light",
    "ax",
    "ay",
    "az",
    "gx",
    "gy",
    "gz"
  ],
  "scaler_mean": [
    1012.111641221374,
    0.06880562977099237,
    0.057558587786259545,
    0.9905986641221375,
    -0.16894332061068698,
    0.18025019083969465,
    -0.18158645038167937
  ],
  "scaler_scale": [
    1010.37932655444,
    0.05835072440781148,
    0.1313882889891707,
    0.03614944777657479,
    8.42742713622644,
    4.113523085887538,
    10.77628703334173
  ],
  "labels": [
    "brightshaky",
    "brightstable",
    "lowlightshaky",
    "lowlightstable"
  ]
}